date,hotspot_count,frp_sum,frp_mean,high_confidence_count,day_hotspot_count,night_hotspot_count,hotspot_lag_1d,hotspot_lag_2d,hotspot_lag_3d,hotspot_lag_7d,hotspot_lag_14d,hotspot_rolling_mean_3d,hotspot_rolling_mean_7d,target_hotspot_count_next_day,target_hotspot_next_day_binary
2023-01-01,3.0,16.51,5.503333333333334,0.0,3.0,0.0,,,,,,,,5.0,1
2023-01-02,5.0,27.189999999999998,5.438,0.0,5.0,0.0,3.0,,,,,,,7.0,1
2023-01-03,7.0,37.34,5.3342857142857145,0.0,4.0,3.0,5.0,3.0,,,,,,9.0,1
2023-01-04,9.0,54.54,6.06,0.0,6.0,3.0,7.0,5.0,3.0,,,5.0,,4.0,1
2023-01-05,4.0,12.25,3.0625,0.0,4.0,0.0,9.0,7.0,5.0,,,7.0,,4.0,1
2023-01-06,4.0,43.8,10.95,0.0,4.0,0.0,4.0,9.0,7.0,,,6.666666666666667,,17.0,1
2023-01-07,17.0,114.31,6.724117647058824,2.0,12.0,5.0,4.0,4.0,9.0,,,5.666666666666667,,20.0,1
2023-01-08,20.0,124.82000000000001,6.2410000000000005,4.0,20.0,0.0,17.0,4.0,4.0,3.0,,8.333333333333334,7.0,10.0,1
2023-01-09,10.0,38.870000000000005,3.8870000000000005,0.0,9.0,1.0,20.0,17.0,4.0,5.0,,13.666666666666666,9.428571428571429,47.0,1
2023-01-10,47.0,241.23,5.132553191489362,0.0,43.0,4.0,10.0,20.0,17.0,7.0,,15.666666666666666,10.142857142857142,14.0,1
2023-01-11,14.0,48.480000000000004,3.462857142857143,0.0,12.0,2.0,47.0,10.0,20.0,9.0,,25.666666666666668,15.857142857142858,17.0,1
2023-01-12,17.0,116.95,6.879411764705883,2.0,14.0,3.0,14.0,47.0,10.0,4.0,,23.666666666666668,16.571428571428573,33.0,1
2023-01-13,33.0,133.05,4.031818181818182,1.0,30.0,3.0,17.0,14.0,47.0,4.0,,26.0,18.428571428571427,42.0,1
2023-01-14,42.0,221.06,5.263333333333334,3.0,35.0,7.0,33.0,17.0,14.0,17.0,,21.333333333333332,22.571428571428573,49.0,1
2023-01-15,49.0,225.56,4.603265306122449,0.0,45.0,4.0,42.0,33.0,17.0,20.0,3.0,30.666666666666668,26.142857142857142,52.0,1
2023-01-16,52.0,333.2,6.407692307692307,0.0,39.0,13.0,49.0,42.0,33.0,10.0,5.0,41.333333333333336,30.285714285714285,19.0,1
2023-01-17,19.0,95.59,5.031052631578947,0.0,16.0,3.0,52.0,49.0,42.0,47.0,7.0,47.666666666666664,36.285714285714285,3.0,1
2023-01-18,3.0,8.1,2.6999999999999997,0.0,2.0,1.0,19.0,52.0,49.0,14.0,9.0,40.0,32.285714285714285,19.0,1
2023-01-19,19.0,108.98,5.7357894736842105,0.0,15.0,4.0,3.0,19.0,52.0,17.0,4.0,24.666666666666668,30.714285714285715,38.0,1
2023-01-20,38.0,223.33,5.877105263157895,0.0,33.0,5.0,19.0,3.0,19.0,33.0,4.0,13.666666666666666,31.0,73.0,1
2023-01-21,73.0,275.74,3.777260273972603,0.0,55.0,18.0,38.0,19.0,3.0,42.0,17.0,20.0,31.714285714285715,37.0,1
2023-01-22,37.0,145.8,3.9405405405405407,0.0,26.0,11.0,73.0,38.0,19.0,49.0,20.0,43.333333333333336,36.142857142857146,51.0,1
2023-01-23,51.0,287.41,5.635490196078432,4.0,32.0,19.0,37.0,73.0,38.0,52.0,10.0,49.333333333333336,34.42857142857143,56.0,1
2023-01-24,56.0,238.92,4.2664285714285715,3.0,49.0,7.0,51.0,37.0,73.0,19.0,47.0,53.666666666666664,34.285714285714285,45.0,1
2023-01-25,45.0,189.34,4.2075555555555555,0.0,32.0,13.0,56.0,51.0,37.0,3.0,14.0,48.0,39.57142857142857,110.0,1
2023-01-26,110.0,353.46999999999997,3.213363636363636,0.0,84.0,26.0,45.0,56.0,51.0,19.0,17.0,50.666666666666664,45.57142857142857,83.0,1
2023-01-27,83.0,524.82,6.323132530120483,0.0,61.0,22.0,110.0,45.0,56.0,38.0,33.0,70.33333333333333,58.57142857142857,20.0,1
2023-01-28,20.0,50.33,2.5164999999999997,0.0,12.0,8.0,83.0,110.0,45.0,73.0,42.0,79.33333333333333,65.0,15.0,1
2023-01-29,15.0,42.55,2.8366666666666664,0.0,8.0,7.0,20.0,83.0,110.0,37.0,49.0,71.0,57.42857142857143,77.0,1
2023-01-30,77.0,386.57,5.020389610389611,1.0,73.0,4.0,15.0,20.0,83.0,51.0,52.0,39.333333333333336,54.285714285714285,158.0,1
2023-01-31,158.0,656.18,4.153037974683544,0.0,133.0,25.0,77.0,15.0,20.0,56.0,19.0,37.333333333333336,58.0,86.0,1
2023-02-01,86.0,296.32,3.445581395348837,0.0,48.0,38.0,158.0,77.0,15.0,45.0,3.0,83.33333333333333,72.57142857142857,69.0,1
2023-02-02,69.0,777.6,11.269565217391305,1.0,51.0,18.0,86.0,158.0,77.0,110.0,19.0,107.0,78.42857142857143,41.0,1
2023-02-03,41.0,460.03000000000003,11.220243902439025,5.0,36.0,5.0,69.0,86.0,158.0,83.0,38.0,104.33333333333333,72.57142857142857,73.0,1
2023-02-04,73.0,703.77,9.640684931506849,0.0,69.0,4.0,41.0,69.0,86.0,20.0,73.0,65.33333333333333,66.57142857142857,83.0,1
2023-02-05,83.0,417.77,5.033373493975904,0.0,64.0,19.0,73.0,41.0,69.0,15.0,37.0,61.0,74.14285714285714,305.0,1
2023-02-06,305.0,1205.7,3.953114754098361,1.0,177.0,128.0,83.0,73.0,41.0,77.0,51.0,65.66666666666667,83.85714285714286,407.0,1
2023-02-07,407.0,1636.72,4.021425061425061,1.0,178.0,229.0,305.0,83.0,73.0,158.0,56.0,153.66666666666666,116.42857142857143,350.0,1
2023-02-08,350.0,1632.33,4.6638,20.0,178.0,172.0,407.0,305.0,83.0,86.0,45.0,265.0,152.0,345.0,1
2023-02-09,345.0,1483.37,4.299623188405797,31.0,286.0,59.0,350.0,407.0,305.0,69.0,110.0,354.0,189.71428571428572,764.0,1
2023-02-10,764.0,3095.26,4.051387434554974,2.0,431.0,333.0,345.0,350.0,407.0,41.0,83.0,367.3333333333333,229.14285714285714,1240.0,1
2023-02-11,1240.0,3241.61,2.614201612903226,1.0,569.0,671.0,764.0,345.0,350.0,73.0,20.0,486.3333333333333,332.42857142857144,899.0,1
2023-02-12,899.0,2792.1,3.1057842046718576,5.0,357.0,542.0,1240.0,764.0,345.0,83.0,15.0,783.0,499.14285714285717,473.0,1
2023-02-13,473.0,1724.24,3.645327695560254,21.0,208.0,265.0,899.0,1240.0,764.0,305.0,77.0,967.6666666666666,615.7142857142857,583.0,1
2023-02-14,583.0,3050.16,5.231835334476844,48.0,390.0,193.0,473.0,899.0,1240.0,407.0,158.0,870.6666666666666,639.7142857142857,228.0,1
2023-02-15,228.0,1326.35,5.817324561403509,2.0,215.0,13.0,583.0,473.0,899.0,350.0,86.0,651.6666666666666,664.8571428571429,27.0,1
2023-02-16,27.0,113.72,4.2118518518518515,0.0,21.0,6.0,228.0,583.0,473.0,345.0,69.0,428.0,647.4285714285714,0.0,0
2023-02-17,0.0,0.0,0.0,0.0,0.0,0.0,27.0,228.0,583.0,764.0,41.0,279.3333333333333,602.0,6.0,1
2023-02-18,6.0,7.5,1.25,0.0,1.0,5.0,0.0,27.0,228.0,1240.0,73.0,85.0,492.85714285714283,40.0,1
2023-02-19,40.0,90.09,2.25225,0.0,8.0,32.0,6.0,0.0,27.0,899.0,83.0,11.0,316.57142857142856,42.0,1
2023-02-20,42.0,215.69,5.13547619047619,0.0,27.0,15.0,40.0,6.0,0.0,473.0,305.0,15.333333333333334,193.85714285714286,123.0,1
2023-02-21,123.0,438.28999999999996,3.563333333333333,1.0,75.0,48.0,42.0,40.0,6.0,583.0,407.0,29.333333333333332,132.28571428571428,220.0,1
2023-02-22,220.0,507.02,2.3046363636363636,0.0,87.0,133.0,123.0,42.0,40.0,228.0,350.0,68.33333333333333,66.57142857142857,93.0,1
2023-02-23,93.0,246.42,2.6496774193548385,0.0,22.0,71.0,220.0,123.0,42.0,27.0,345.0,128.33333333333334,65.42857142857143,78.0,1
2023-02-24,78.0,170.85999999999999,2.1905128205128204,0.0,18.0,60.0,93.0,220.0,123.0,0.0,764.0,145.33333333333334,74.85714285714286,84.0,1
2023-02-25,84.0,311.92,3.7133333333333334,3.0,49.0,35.0,78.0,93.0,220.0,6.0,1240.0,130.33333333333334,86.0,251.0,1
2023-02-26,251.0,765.44,3.049561752988048,0.0,108.0,143.0,84.0,78.0,93.0,40.0,899.0,85.0,97.14285714285714,603.0,1
2023-02-27,603.0,1504.37,2.494809286898839,0.0,228.0,375.0,251.0,84.0,78.0,42.0,473.0,137.66666666666666,127.28571428571429,506.0,1
2023-02-28,506.0,1157.3,2.2871541501976282,2.0,128.0,378.0,603.0,251.0,84.0,123.0,583.0,312.6666666666667,207.42857142857142,280.0,1
2023-03-01,280.0,816.05,2.9144642857142857,8.0,56.0,224.0,506.0,603.0,251.0,220.0,228.0,453.3333333333333,262.14285714285717,231.0,1
2023-03-02,231.0,757.27,3.278225108225108,7.0,96.0,135.0,280.0,506.0,603.0,93.0,27.0,463.0,270.7142857142857,293.0,1
2023-03-03,293.0,1159.22,3.956382252559727,2.0,195.0,98.0,231.0,280.0,506.0,78.0,0.0,339.0,290.42857142857144,484.0,1
2023-03-04,484.0,1266.36,2.6164462809917355,2.0,241.0,243.0,293.0,231.0,280.0,84.0,6.0,268.0,321.14285714285717,297.0,1
2023-03-05,297.0,617.24,2.0782491582491582,0.0,81.0,216.0,484.0,293.0,231.0,251.0,40.0,336.0,378.2857142857143,77.0,1
2023-03-06,77.0,157.51,2.0455844155844156,0.0,17.0,60.0,297.0,484.0,293.0,603.0,42.0,358.0,384.85714285714283,63.0,1
2023-03-07,63.0,181.82,2.8860317460317457,0.0,20.0,43.0,77.0,297.0,484.0,506.0,123.0,286.0,309.7142857142857,154.0,1
2023-03-08,154.0,520.59,3.380454545454546,0.0,69.0,85.0,63.0,77.0,297.0,280.0,220.0,145.66666666666666,246.42857142857142,211.0,1
2023-03-09,211.0,710.0,3.3649289099526065,0.0,131.0,80.0,154.0,63.0,77.0,231.0,93.0,98.0,228.42857142857142,299.0,1
2023-03-10,299.0,722.81,2.4174247491638794,0.0,107.0,192.0,211.0,154.0,63.0,293.0,78.0,142.66666666666666,225.57142857142858,29.0,1
2023-03-11,29.0,59.14,2.0393103448275864,0.0,9.0,20.0,299.0,211.0,154.0,484.0,84.0,221.33333333333334,226.42857142857142,2.0,1
2023-03-12,2.0,5.37,2.685,0.0,1.0,1.0,29.0,299.0,211.0,297.0,251.0,179.66666666666666,161.42857142857142,4.0,1
2023-03-13,4.0,19.67,4.9175,0.0,3.0,1.0,2.0,29.0,299.0,77.0,603.0,110.0,119.28571428571429,7.0,1
2023-03-14,7.0,49.4,7.057142857142857,0.0,6.0,1.0,4.0,2.0,29.0,63.0,506.0,11.666666666666666,108.85714285714286,32.0,1
2023-03-15,32.0,142.89,4.4653125,0.0,21.0,11.0,7.0,4.0,2.0,154.0,280.0,4.333333333333333,100.85714285714286,13.0,1
2023-03-16,13.0,45.22,3.4784615384615383,0.0,10.0,3.0,32.0,7.0,4.0,211.0,231.0,14.333333333333334,83.42857142857143,9.0,1
2023-03-17,9.0,20.24,2.2488888888888887,0.0,5.0,4.0,13.0,32.0,7.0,299.0,293.0,17.333333333333332,55.142857142857146,29.0,1
2023-03-18,29.0,418.15000000000003,14.41896551724138,6.0,23.0,6.0,9.0,13.0,32.0,29.0,484.0,18.0,13.714285714285714,37.0,1
2023-03-19,37.0,366.04,9.892972972972974,0.0,37.0,0.0,29.0,9.0,13.0,2.0,297.0,17.0,13.714285714285714,36.0,1
2023-03-20,36.0,152.27,4.229722222222223,0.0,14.0,22.0,37.0,29.0,9.0,4.0,77.0,25.0,18.714285714285715,97.0,1
2023-03-21,97.0,312.47,3.2213402061855674,0.0,30.0,67.0,36.0,37.0,29.0,7.0,63.0,34.0,23.285714285714285,134.0,1
2023-03-22,134.0,676.0600000000001,5.045223880597016,2.0,43.0,91.0,97.0,36.0,37.0,32.0,154.0,56.666666666666664,36.142857142857146,292.0,1
2023-03-23,292.0,2041.08,6.989999999999999,19.0,139.0,153.0,134.0,97.0,36.0,13.0,211.0,89.0,50.714285714285715,412.0,1
2023-03-24,412.0,5885.37,14.284878640776698,8.0,271.0,141.0,292.0,134.0,97.0,9.0,299.0,174.33333333333334,90.57142857142857,743.0,1
2023-03-25,743.0,6834.92,9.199084791386271,12.0,478.0,265.0,412.0,292.0,134.0,29.0,29.0,279.3333333333333,148.14285714285714,962.0,1
2023-03-26,962.0,2978.29,3.095935550935551,3.0,387.0,575.0,743.0,412.0,292.0,37.0,2.0,482.3333333333333,250.14285714285714,786.0,1
2023-03-27,786.0,2866.6,3.6470737913486,3.0,217.0,569.0,962.0,743.0,412.0,36.0,4.0,705.6666666666666,382.2857142857143,1168.0,1
2023-03-28,1168.0,7275.8,6.229280821917809,72.0,496.0,672.0,786.0,962.0,743.0,97.0,7.0,830.3333333333334,489.42857142857144,918.0,1
2023-03-29,918.0,6429.0199999999995,7.003289760348584,35.0,467.0,451.0,1168.0,786.0,962.0,134.0,32.0,972.0,642.4285714285714,1140.0,1
2023-03-30,1140.0,5379.85,4.719166666666667,4.0,577.0,563.0,918.0,1168.0,786.0,292.0,13.0,957.3333333333334,754.4285714285714,1277.0,1
2023-03-31,1277.0,4239.42,3.319827721221613,3.0,498.0,779.0,1140.0,918.0,1168.0,412.0,9.0,1075.3333333333333,875.5714285714286,709.0,1
2023-04-01,709.0,1780.15,2.5107898448519044,1.0,170.0,539.0,1277.0,1140.0,918.0,743.0,29.0,1111.6666666666667,999.1428571428571,334.0,1
2023-04-02,334.0,1227.3,3.674550898203593,9.0,154.0,180.0,709.0,1277.0,1140.0,962.0,37.0,1042.0,994.2857142857143,514.0,1
2023-04-03,514.0,2826.98,5.499961089494163,26.0,190.0,324.0,334.0,709.0,1277.0,786.0,36.0,773.3333333333334,904.5714285714286,775.0,1
2023-04-04,775.0,3442.88,4.442425806451613,4.0,490.0,285.0,514.0,334.0,709.0,1168.0,97.0,519.0,865.7142857142857,1174.0,1
2023-04-05,1174.0,3912.42,3.3325553662691654,3.0,582.0,592.0,775.0,514.0,334.0,918.0,134.0,541.0,809.5714285714286,830.0,1
2023-04-06,830.0,2065.37,2.4883975903614455,1.0,183.0,647.0,1174.0,775.0,514.0,1140.0,292.0,821.0,846.1428571428571,258.0,1
2023-04-07,258.0,788.79,3.057325581395349,3.0,60.0,198.0,830.0,1174.0,775.0,1277.0,412.0,926.3333333333334,801.8571428571429,132.0,1
2023-04-08,132.0,835.4,6.328787878787878,10.0,86.0,46.0,258.0,830.0,1174.0,709.0,743.0,754.0,656.2857142857143,303.0,1
2023-04-09,303.0,1236.51,4.080891089108911,2.0,152.0,151.0,132.0,258.0,830.0,334.0,962.0,406.6666666666667,573.8571428571429,816.0,1
2023-04-10,816.0,4462.37,5.46859068627451,8.0,469.0,347.0,303.0,132.0,258.0,514.0,786.0,231.0,569.4285714285714,924.0,1
2023-04-11,924.0,2991.62,3.2376839826839827,0.0,364.0,560.0,816.0,303.0,132.0,775.0,1168.0,417.0,612.5714285714286,387.0,1
2023-04-12,387.0,1625.54,4.200361757105943,0.0,148.0,239.0,924.0,816.0,303.0,1174.0,918.0,681.0,633.8571428571429,309.0,1
2023-04-13,309.0,2554.75,8.267799352750808,25.0,125.0,184.0,387.0,924.0,816.0,830.0,1140.0,709.0,521.4285714285714,472.0,1
2023-04-14,472.0,2263.66,4.795889830508474,30.0,246.0,226.0,309.0,387.0,924.0,258.0,1277.0,540.0,447.0,382.0,1
2023-04-15,382.0,1821.81,4.76913612565445,1.0,212.0,170.0,472.0,309.0,387.0,132.0,709.0,389.3333333333333,477.57142857142856,614.0,1
2023-04-16,614.0,2679.54,4.364071661237785,1.0,269.0,345.0,382.0,472.0,309.0,303.0,334.0,387.6666666666667,513.2857142857143,324.0,1
2023-04-17,324.0,1391.74,4.295493827160493,0.0,144.0,180.0,614.0,382.0,472.0,816.0,514.0,489.3333333333333,557.7142857142857,182.0,1
2023-04-18,182.0,826.2,4.539560439560439,11.0,97.0,85.0,324.0,614.0,382.0,924.0,775.0,440.0,487.42857142857144,85.0,1
2023-04-19,85.0,493.74,5.808705882352942,5.0,43.0,42.0,182.0,324.0,614.0,387.0,1174.0,373.3333333333333,381.42857142857144,107.0,1
2023-04-20,107.0,621.9,5.81214953271028,2.0,92.0,15.0,85.0,182.0,324.0,309.0,830.0,197.0,338.2857142857143,224.0,1
2023-04-21,224.0,825.48,3.6851785714285716,0.0,158.0,66.0,107.0,85.0,182.0,472.0,258.0,124.66666666666667,309.42857142857144,68.0,1
2023-04-22,68.0,280.82,4.129705882352941,0.0,38.0,30.0,224.0,107.0,85.0,382.0,132.0,138.66666666666666,274.0,59.0,1
2023-04-23,59.0,224.06,3.7976271186440678,1.0,36.0,23.0,68.0,224.0,107.0,614.0,303.0,133.0,229.14285714285714,35.0,1
2023-04-24,35.0,227.31,6.494571428571429,2.0,24.0,11.0,59.0,68.0,224.0,324.0,816.0,117.0,149.85714285714286,105.0,1
2023-04-25,105.0,651.08,6.200761904761905,0.0,71.0,34.0,35.0,59.0,68.0,182.0,924.0,54.0,108.57142857142857,104.0,1
2023-04-26,104.0,604.37,5.81125,0.0,88.0,16.0,105.0,35.0,59.0,85.0,387.0,66.33333333333333,97.57142857142857,78.0,1
2023-04-27,78.0,366.45,4.698076923076923,0.0,48.0,30.0,104.0,105.0,35.0,107.0,309.0,81.33333333333333,100.28571428571429,109.0,1
2023-04-28,109.0,477.98,4.385137614678899,0.0,63.0,46.0,78.0,104.0,105.0,224.0,472.0,95.66666666666667,96.14285714285714,141.0,1
2023-04-29,141.0,813.21,5.7674468085106385,5.0,92.0,49.0,109.0,78.0,104.0,68.0,382.0,97.0,79.71428571428571,30.0,1
2023-04-30,30.0,108.92,3.630666666666667,2.0,24.0,6.0,141.0,109.0,78.0,59.0,614.0,109.33333333333333,90.14285714285714,117.0,1
2023-05-01,117.0,769.29,6.5751282051282045,1.0,97.0,20.0,30.0,141.0,109.0,35.0,324.0,93.33333333333333,86.0,131.0,1
2023-05-02,131.0,800.44,6.110229007633588,0.0,128.0,3.0,117.0,30.0,141.0,105.0,182.0,96.0,97.71428571428571,29.0,1
2023-05-03,29.0,124.03,4.276896551724138,0.0,22.0,7.0,131.0,117.0,30.0,104.0,85.0,92.66666666666667,101.42857142857143,32.0,1
2023-05-04,32.0,225.71,7.0534375,1.0,31.0,1.0,29.0,131.0,117.0,78.0,107.0,92.33333333333333,90.71428571428571,75.0,1
2023-05-05,75.0,381.51,5.0868,0.0,56.0,19.0,32.0,29.0,131.0,109.0,224.0,64.0,84.14285714285714,217.0,1
2023-05-06,217.0,1192.69,5.496267281105991,2.0,191.0,26.0,75.0,32.0,29.0,141.0,68.0,45.333333333333336,79.28571428571429,311.0,1
2023-05-07,311.0,1639.04,5.270225080385852,1.0,258.0,53.0,217.0,75.0,32.0,30.0,59.0,108.0,90.14285714285714,0.0,0
2023-05-08,0.0,0.0,0.0,0.0,0.0,0.0,311.0,217.0,75.0,117.0,35.0,201.0,130.28571428571428,1.0,1
2023-05-09,1.0,3.21,3.21,0.0,1.0,0.0,0.0,311.0,217.0,131.0,105.0,176.0,113.57142857142857,1.0,1
2023-05-10,1.0,0.84,0.84,0.0,0.0,1.0,1.0,0.0,311.0,29.0,104.0,104.0,95.0,9.0,1
2023-05-11,9.0,44.95,4.9944444444444445,0.0,6.0,3.0,1.0,1.0,0.0,32.0,78.0,0.6666666666666666,91.0,0.0,0
2023-05-12,0.0,0.0,0.0,0.0,0.0,0.0,9.0,1.0,1.0,75.0,109.0,3.6666666666666665,87.71428571428571,1.0,1
2023-05-13,1.0,4.68,4.68,0.0,1.0,0.0,0.0,9.0,1.0,217.0,141.0,3.3333333333333335,77.0,0.0,0
2023-05-14,0.0,0.0,0.0,0.0,0.0,0.0,1.0,0.0,9.0,311.0,30.0,3.3333333333333335,46.142857142857146,0.0,0
2023-05-15,0.0,0.0,0.0,0.0,0.0,0.0,0.0,1.0,0.0,0.0,117.0,0.3333333333333333,1.7142857142857142,1.0,1
2023-05-16,1.0,2.41,2.41,0.0,1.0,0.0,0.0,0.0,1.0,1.0,131.0,0.3333333333333333,1.7142857142857142,4.0,1
2023-05-17,4.0,18.99,4.7475,0.0,4.0,0.0,1.0,0.0,0.0,1.0,29.0,0.3333333333333333,1.7142857142857142,16.0,1
2023-05-18,16.0,54.42,3.40125,0.0,16.0,0.0,4.0,1.0,0.0,9.0,32.0,1.6666666666666667,2.142857142857143,13.0,1
2023-05-19,13.0,40.230000000000004,3.094615384615385,0.0,9.0,4.0,16.0,4.0,1.0,0.0,75.0,7.0,3.142857142857143,25.0,1
2023-05-20,25.0,93.95,3.758,1.0,24.0,1.0,13.0,16.0,4.0,1.0,217.0,11.0,5.0,10.0,1
2023-05-21,10.0,40.64,4.064,0.0,10.0,0.0,25.0,13.0,16.0,0.0,311.0,18.0,8.428571428571429,25.0,1
2023-05-22,25.0,111.89,4.4756,0.0,24.0,1.0,10.0,25.0,13.0,0.0,0.0,16.0,9.857142857142858,27.0,1
2023-05-23,27.0,109.53999999999999,4.057037037037037,0.0,27.0,0.0,25.0,10.0,25.0,1.0,1.0,20.0,13.428571428571429,5.0,1
2023-05-24,5.0,29.65,5.93,0.0,4.0,1.0,27.0,25.0,10.0,4.0,1.0,20.666666666666668,17.142857142857142,9.0,1
2023-05-25,9.0,53.0,5.888888888888889,0.0,6.0,3.0,5.0,27.0,25.0,16.0,9.0,19.0,17.285714285714285,2.0,1
2023-05-26,2.0,13.32,6.66,0.0,2.0,0.0,9.0,5.0,27.0,13.0,0.0,13.666666666666666,16.285714285714285,3.0,1
2023-05-27,3.0,81.17999999999999,27.06,0.0,3.0,0.0,2.0,9.0,5.0,25.0,1.0,5.333333333333333,14.714285714285714,18.0,1
2023-05-28,18.0,75.26,4.181111111111111,0.0,18.0,0.0,3.0,2.0,9.0,10.0,0.0,4.666666666666667,11.571428571428571,0.0,0
2023-05-29,0.0,0.0,0.0,0.0,0.0,0.0,18.0,3.0,2.0,25.0,0.0,7.666666666666667,12.714285714285714,7.0,1
2023-05-30,7.0,92.92000000000002,13.274285714285716,0.0,7.0,0.0,0.0,18.0,3.0,27.0,1.0,7.0,9.142857142857142,5.0,1
2023-05-31,5.0,41.099999999999994,8.219999999999999,0.0,5.0,0.0,7.0,0.0,18.0,5.0,4.0,8.333333333333334,6.285714285714286,5.0,1
2023-06-01,5.0,20.299999999999997,4.06,0.0,5.0,0.0,5.0,7.0,0.0,9.0,16.0,4.0,6.285714285714286,10.0,1
2023-06-02,10.0,42.04,4.204,0.0,8.0,2.0,5.0,5.0,7.0,2.0,13.0,5.666666666666667,5.714285714285714,3.0,1
2023-06-03,3.0,7.11,2.37,0.0,1.0,2.0,10.0,5.0,5.0,3.0,25.0,6.666666666666667,6.857142857142857,6.0,1
2023-06-04,6.0,21.73,3.6216666666666666,0.0,5.0,1.0,3.0,10.0,5.0,18.0,10.0,6.0,6.857142857142857,3.0,1
2023-06-05,3.0,10.290000000000001,3.43,0.0,3.0,0.0,6.0,3.0,10.0,0.0,25.0,6.333333333333333,5.142857142857143,0.0,0
2023-06-06,0.0,0.0,0.0,0.0,0.0,0.0,3.0,6.0,3.0,7.0,27.0,4.0,5.571428571428571,0.0,0
2023-06-07,0.0,0.0,0.0,0.0,0.0,0.0,0.0,3.0,6.0,5.0,5.0,3.0,4.571428571428571,0.0,0
2023-06-08,0.0,0.0,0.0,0.0,0.0,0.0,0.0,0.0,3.0,5.0,9.0,1.0,3.857142857142857,0.0,0
2023-06-09,0.0,0.0,0.0,0.0,0.0,0.0,0.0,0.0,0.0,10.0,2.0,0.0,3.142857142857143,1.0,1
2023-06-10,1.0,1.79,1.79,0.0,1.0,0.0,0.0,0.0,0.0,3.0,3.0,0.0,1.7142857142857142,0.0,0
2023-06-11,0.0,0.0,0.0,0.0,0.0,0.0,1.0,0.0,0.0,6.0,18.0,0.3333333333333333,1.4285714285714286,0.0,0
2023-06-12,0.0,0.0,0.0,0.0,0.0,0.0,0.0,1.0,0.0,3.0,0.0,0.3333333333333333,0.5714285714285714,1.0,1
2023-06-13,1.0,3.7,3.7,0.0,1.0,0.0,0.0,0.0,1.0,0.0,7.0,0.3333333333333333,0.14285714285714285,1.0,1
2023-06-14,1.0,4.93,4.93,0.0,1.0,0.0,1.0,0.0,0.0,0.0,5.0,0.3333333333333333,0.2857142857142857,0.0,0
2023-06-15,0.0,0.0,0.0,0.0,0.0,0.0,1.0,1.0,0.0,0.0,5.0,0.6666666666666666,0.42857142857142855,0.0,0
2023-06-16,0.0,0.0,0.0,0.0,0.0,0.0,0.0,1.0,1.0,0.0,10.0,0.6666666666666666,0.42857142857142855,3.0,1
2023-06-17,3.0,12.97,4.323333333333333,0.0,3.0,0.0,0.0,0.0,1.0,1.0,3.0,0.3333333333333333,0.42857142857142855,4.0,1
2023-06-18,4.0,16.77,4.1925,0.0,4.0,0.0,3.0,0.0,0.0,0.0,6.0,1.0,0.7142857142857143,1.0,1
2023-06-19,1.0,3.59,3.59,0.0,1.0,0.0,4.0,3.0,0.0,0.0,3.0,2.3333333333333335,1.2857142857142858,1.0,1
2023-06-20,1.0,4.0,4.0,0.0,1.0,0.0,1.0,4.0,3.0,1.0,0.0,2.6666666666666665,1.4285714285714286,0.0,0
2023-06-21,0.0,0.0,0.0,0.0,0.0,0.0,1.0,1.0,4.0,1.0,0.0,2.0,1.4285714285714286,0.0,0
2023-06-22,0.0,0.0,0.0,0.0,0.0,0.0,0.0,1.0,1.0,0.0,0.0,0.6666666666666666,1.2857142857142858,0.0,0
2023-06-23,0.0,0.0,0.0,0.0,0.0,0.0,0.0,0.0,1.0,0.0,0.0,0.3333333333333333,1.2857142857142858,1.0,1
2023-06-24,1.0,4.24,4.24,0.0,1.0,0.0,0.0,0.0,0.0,3.0,1.0,0.0,1.2857142857142858,0.0,0
2023-06-25,0.0,0.0,0.0,0.0,0.0,0.0,1.0,0.0,0.0,4.0,0.0,0.3333333333333333,1.0,0.0,0
2023-06-26,0.0,0.0,0.0,0.0,0.0,0.0,0.0,1.0,0.0,1.0,0.0,0.3333333333333333,0.42857142857142855,0.0,0
2023-06-27,0.0,0.0,0.0,0.0,0.0,0.0,0.0,0.0,1.0,1.0,1.0,0.3333333333333333,0.2857142857142857,1.0,1
2023-06-28,1.0,4.01,4.01,0.0,1.0,0.0,0.0,0.0,0.0,0.0,1.0,0.0,0.14285714285714285,0.0,0
2023-06-29,0.0,0.0,0.0,0.0,0.0,0.0,1.0,0.0,0.0,0.0,0.0,0.3333333333333333,0.2857142857142857,1.0,1
2023-06-30,1.0,7.78,7.78,0.0,1.0,0.0,0.0,1.0,0.0,0.0,0.0,0.3333333333333333,0.2857142857142857,0.0,0
2023-07-01,0.0,0.0,0.0,0.0,0.0,0.0,1.0,0.0,1.0,1.0,3.0,0.6666666666666666,0.42857142857142855,0.0,0
2023-07-02,0.0,0.0,0.0,0.0,0.0,0.0,0.0,1.0,0.0,0.0,4.0,0.3333333333333333,0.2857142857142857,0.0,0
2023-07-03,0.0,0.0,0.0,0.0,0.0,0.0,0.0,0.0,1.0,0.0,1.0,0.3333333333333333,0.2857142857142857,0.0,0
2023-07-04,0.0,0.0,0.0,0.0,0.0,0.0,0.0,0.0,0.0,0.0,1.0,0.0,0.2857142857142857,0.0,0
2023-07-05,0.0,0.0,0.0,0.0,0.0,0.0,0.0,0.0,0.0,1.0,0.0,0.0,0.2857142857142857,0.0,0
2023-07-06,0.0,0.0,0.0,0.0,0.0,0.0,0.0,0.0,0.0,0.0,0.0,0.0,0.14285714285714285,0.0,0
2023-07-07,0.0,0.0,0.0,0.0,0.0,0.0,0.0,0.0,0.0,1.0,0.0,0.0,0.14285714285714285,0.0,0
2023-07-08,0.0,0.0,0.0,0.0,0.0,0.0,0.0,0.0,0.0,0.0,1.0,0.0,0.0,0.0,0
2023-07-09,0.0,0.0,0.0,0.0,0.0,0.0,0.0,0.0,0.0,0.0,0.0,0.0,0.0,1.0,1
2023-07-10,1.0,3.64,3.64,0.0,1.0,0.0,0.0,0.0,0.0,0.0,0.0,0.0,0.0,0.0,0
2023-07-11,0.0,0.0,0.0,0.0,0.0,0.0,1.0,0.0,0.0,0.0,0.0,0.3333333333333333,0.14285714285714285,0.0,0
2023-07-12,0.0,0.0,0.0,0.0,0.0,0.0,0.0,1.0,0.0,0.0,1.0,0.3333333333333333,0.14285714285714285,0.0,0
2023-07-13,0.0,0.0,0.0,0.0,0.0,0.0,0.0,0.0,1.0,0.0,0.0,0.3333333333333333,0.14285714285714285,1.0,1
2023-07-14,1.0,8.45,8.45,0.0,1.0,0.0,0.0,0.0,0.0,0.0,1.0,0.0,0.14285714285714285,0.0,0
2023-07-15,0.0,0.0,0.0,0.0,0.0,0.0,1.0,0.0,0.0,0.0,0.0,0.3333333333333333,0.2857142857142857,0.0,0
2023-07-16,0.0,0.0,0.0,0.0,0.0,0.0,0.0,1.0,0.0,0.0,0.0,0.3333333333333333,0.2857142857142857,2.0,1
2023-07-17,2.0,11.68,5.84,0.0,2.0,0.0,0.0,0.0,1.0,1.0,0.0,0.3333333333333333,0.2857142857142857,0.0,0
2023-07-18,0.0,0.0,0.0,0.0,0.0,0.0,2.0,0.0,0.0,0.0,0.0,0.6666666666666666,0.42857142857142855,0.0,0
2023-07-19,0.0,0.0,0.0,0.0,0.0,0.0,0.0,2.0,0.0,0.0,0.0,0.6666666666666666,0.42857142857142855,0.0,0
2023-07-20,0.0,0.0,0.0,0.0,0.0,0.0,0.0,0.0,2.0,0.0,0.0,0.6666666666666666,0.42857142857142855,0.0,0
2023-07-21,0.0,0.0,0.0,0.0,0.0,0.0,0.0,0.0,0.0,1.0,0.0,0.0,0.42857142857142855,0.0,0
2023-07-22,0.0,0.0,0.0,0.0,0.0,0.0,0.0,0.0,0.0,0.0,0.0,0.0,0.2857142857142857,0.0,0
2023-07-23,0.0,0.0,0.0,0.0,0.0,0.0,0.0,0.0,0.0,0.0,0.0,0.0,0.2857142857142857,0.0,0
2023-07-24,0.0,0.0,0.0,0.0,0.0,0.0,0.0,0.0,0.0,2.0,1.0,0.0,0.2857142857142857,0.0,0
2023-07-25,0.0,0.0,0.0,0.0,0.0,0.0,0.0,0.0,0.0,0.0,0.0,0.0,0.0,0.0,0
2023-07-26,0.0,0.0,0.0,0.0,0.0,0.0,0.0,0.0,0.0,0.0,0.0,0.0,0.0,0.0,0
2023-07-27,0.0,0.0,0.0,0.0,0.0,0.0,0.0,0.0,0.0,0.0,0.0,0.0,0.0,0.0,0
2023-07-28,0.0,0.0,0.0,0.0,0.0,0.0,0.0,0.0,0.0,0.0,1.0,0.0,0.0,0.0,0
2023-07-29,0.0,0.0,0.0,0.0,0.0,0.0,0.0,0.0,0.0,0.0,0.0,0.0,0.0,0.0,0
2023-07-30,0.0,0.0,0.0,0.0,0.0,0.0,0.0,0.0,0.0,0.0,0.0,0.0,0.0,0.0,0
2023-07-31,0.0,0.0,0.0,0.0,0.0,0.0,0.0,0.0,0.0,0.0,2.0,0.0,0.0,0.0,0
2023-08-01,0.0,0.0,0.0,0.0,0.0,0.0,0.0,0.0,0.0,0.0,0.0,0.0,0.0,0.0,0
2023-08-02,0.0,0.0,0.0,0.0,0.0,0.0,0.0,0.0,0.0,0.0,0.0,0.0,0.0,0.0,0
2023-08-03,0.0,0.0,0.0,0.0,0.0,0.0,0.0,0.0,0.0,0.0,0.0,0.0,0.0,0.0,0
2023-08-04,0.0,0.0,0.0,0.0,0.0,0.0,0.0,0.0,0.0,0.0,0.0,0.0,0.0,0.0,0
2023-08-05,0.0,0.0,0.0,0.0,0.0,0.0,0.0,0.0,0.0,0.0,0.0,0.0,0.0,0.0,0
2023-08-06,0.0,0.0,0.0,0.0,0.0,0.0,0.0,0.0,0.0,0.0,0.0,0.0,0.0,0.0,0
2023-08-07,0.0,0.0,0.0,0.0,0.0,0.0,0.0,0.0,0.0,0.0,0.0,0.0,0.0,0.0,0
2023-08-08,0.0,0.0,0.0,0.0,0.0,0.0,0.0,0.0,0.0,0.0,0.0,0.0,0.0,0.0,0
2023-08-09,0.0,0.0,0.0,0.0,0.0,0.0,0.0,0.0,0.0,0.0,0.0,0.0,0.0,0.0,0
2023-08-10,0.0,0.0,0.0,0.0,0.0,0.0,0.0,0.0,0.0,0.0,0.0,0.0,0.0,1.0,1
2023-08-11,1.0,2.62,2.62,0.0,1.0,0.0,0.0,0.0,0.0,0.0,0.0,0.0,0.0,0.0,0
2023-08-12,0.0,0.0,0.0,0.0,0.0,0.0,1.0,0.0,0.0,0.0,0.0,0.3333333333333333,0.14285714285714285,0.0,0
2023-08-13,0.0,0.0,0.0,0.0,0.0,0.0,0.0,1.0,0.0,0.0,0.0,0.3333333333333333,0.14285714285714285,0.0,0
2023-08-14,0.0,0.0,0.0,0.0,0.0,0.0,0.0,0.0,1.0,0.0,0.0,0.3333333333333333,0.14285714285714285,0.0,0
2023-08-15,0.0,0.0,0.0,0.0,0.0,0.0,0.0,0.0,0.0,0.0,0.0,0.0,0.14285714285714285,0.0,0
2023-08-16,0.0,0.0,0.0,0.0,0.0,0.0,0.0,0.0,0.0,0.0,0.0,0.0,0.14285714285714285,0.0,0
2023-08-17,0.0,0.0,0.0,0.0,0.0,0.0,0.0,0.0,0.0,0.0,0.0,0.0,0.14285714285714285,0.0,0
2023-08-18,0.0,0.0,0.0,0.0,0.0,0.0,0.0,0.0,0.0,1.0,0.0,0.0,0.14285714285714285,0.0,0
2023-08-19,0.0,0.0,0.0,0.0,0.0,0.0,0.0,0.0,0.0,0.0,0.0,0.0,0.0,0.0,0
2023-08-20,0.0,0.0,0.0,0.0,0.0,0.0,0.0,0.0,0.0,0.0,0.0,0.0,0.0,0.0,0
2023-08-21,0.0,0.0,0.0,0.0,0.0,0.0,0.0,0.0,0.0,0.0,0.0,0.0,0.0,0.0,0
2023-08-22,0.0,0.0,0.0,0.0,0.0,0.0,0.0,0.0,0.0,0.0,0.0,0.0,0.0,0.0,0
2023-08-23,0.0,0.0,0.0,0.0,0.0,0.0,0.0,0.0,0.0,0.0,0.0,0.0,0.0,0.0,0
2023-08-24,0.0,0.0,0.0,0.0,0.0,0.0,0.0,0.0,0.0,0.0,0.0,0.0,0.0,0.0,0
2023-08-25,0.0,0.0,0.0,0.0,0.0,0.0,0.0,0.0,0.0,0.0,1.0,0.0,0.0,0.0,0
2023-08-26,0.0,0.0,0.0,0.0,0.0,0.0,0.0,0.0,0.0,0.0,0.0,0.0,0.0,0.0,0
2023-08-27,0.0,0.0,0.0,0.0,0.0,0.0,0.0,0.0,0.0,0.0,0.0,0.0,0.0,0.0,0
2023-08-28,0.0,0.0,0.0,0.0,0.0,0.0,0.0,0.0,0.0,0.0,0.0,0.0,0.0,0.0,0
2023-08-29,0.0,0.0,0.0,0.0,0.0,0.0,0.0,0.0,0.0,0.0,0.0,0.0,0.0,1.0,1
2023-08-30,1.0,3.5,3.5,0.0,1.0,0.0,0.0,0.0,0.0,0.0,0.0,0.0,0.0,0.0,0
2023-08-31,0.0,0.0,0.0,0.0,0.0,0.0,1.0,0.0,0.0,0.0,0.0,0.3333333333333333,0.14285714285714285,1.0,1
2023-09-01,1.0,3.88,3.88,0.0,1.0,0.0,0.0,1.0,0.0,0.0,0.0,0.3333333333333333,0.14285714285714285,0.0,0
2023-09-02,0.0,0.0,0.0,0.0,0.0,0.0,1.0,0.0,1.0,0.0,0.0,0.6666666666666666,0.2857142857142857,1.0,1
2023-09-03,1.0,2.3,2.3,0.0,1.0,0.0,0.0,1.0,0.0,0.0,0.0,0.3333333333333333,0.2857142857142857,1.0,1
2023-09-04,1.0,4.82,4.82,0.0,1.0,0.0,1.0,0.0,1.0,0.0,0.0,0.6666666666666666,0.42857142857142855,0.0,0
2023-09-05,0.0,0.0,0.0,0.0,0.0,0.0,1.0,1.0,0.0,0.0,0.0,0.6666666666666666,0.5714285714285714,0.0,0
2023-09-06,0.0,0.0,0.0,0.0,0.0,0.0,0.0,1.0,1.0,1.0,0.0,0.6666666666666666,0.5714285714285714,0.0,0
2023-09-07,0.0,0.0,0.0,0.0,0.0,0.0,0.0,0.0,1.0,0.0,0.0,0.3333333333333333,0.42857142857142855,0.0,0
2023-09-08,0.0,0.0,0.0,0.0,0.0,0.0,0.0,0.0,0.0,1.0,0.0,0.0,0.42857142857142855,0.0,0
2023-09-09,0.0,0.0,0.0,0.0,0.0,0.0,0.0,0.0,0.0,0.0,0.0,0.0,0.2857142857142857,0.0,0
2023-09-10,0.0,0.0,0.0,0.0,0.0,0.0,0.0,0.0,0.0,1.0,0.0,0.0,0.2857142857142857,0.0,0
2023-09-11,0.0,0.0,0.0,0.0,0.0,0.0,0.0,0.0,0.0,1.0,0.0,0.0,0.14285714285714285,0.0,0
2023-09-12,0.0,0.0,0.0,0.0,0.0,0.0,0.0,0.0,0.0,0.0,0.0,0.0,0.0,0.0,0
2023-09-13,0.0,0.0,0.0,0.0,0.0,0.0,0.0,0.0,0.0,0.0,1.0,0.0,0.0,0.0,0
2023-09-14,0.0,0.0,0.0,0.0,0.0,0.0,0.0,0.0,0.0,0.0,0.0,0.0,0.0,0.0,0
2023-09-15,0.0,0.0,0.0,0.0,0.0,0.0,0.0,0.0,0.0,0.0,1.0,0.0,0.0,0.0,0
2023-09-16,0.0,0.0,0.0,0.0,0.0,0.0,0.0,0.0,0.0,0.0,0.0,0.0,0.0,0.0,0
2023-09-17,0.0,0.0,0.0,0.0,0.0,0.0,0.0,0.0,0.0,0.0,1.0,0.0,0.0,0.0,0
2023-09-18,0.0,0.0,0.0,0.0,0.0,0.0,0.0,0.0,0.0,0.0,1.0,0.0,0.0,0.0,0
2023-09-19,0.0,0.0,0.0,0.0,0.0,0.0,0.0,0.0,0.0,0.0,0.0,0.0,0.0,0.0,0
2023-09-20,0.0,0.0,0.0,0.0,0.0,0.0,0.0,0.0,0.0,0.0,0.0,0.0,0.0,2.0,1
2023-09-21,2.0,13.75,6.875,1.0,2.0,0.0,0.0,0.0,0.0,0.0,0.0,0.0,0.0,0.0,0
2023-09-22,0.0,0.0,0.0,0.0,0.0,0.0,2.0,0.0,0.0,0.0,0.0,0.6666666666666666,0.2857142857142857,0.0,0
2023-09-23,0.0,0.0,0.0,0.0,0.0,0.0,0.0,2.0,0.0,0.0,0.0,0.6666666666666666,0.2857142857142857,2.0,1
2023-09-24,2.0,8.3,4.15,0.0,2.0,0.0,0.0,0.0,2.0,0.0,0.0,0.6666666666666666,0.2857142857142857,0.0,0
2023-09-25,0.0,0.0,0.0,0.0,0.0,0.0,2.0,0.0,0.0,0.0,0.0,0.6666666666666666,0.5714285714285714,0.0,0
2023-09-26,0.0,0.0,0.0,0.0,0.0,0.0,0.0,2.0,0.0,0.0,0.0,0.6666666666666666,0.5714285714285714,0.0,0
2023-09-27,0.0,0.0,0.0,0.0,0.0,0.0,0.0,0.0,2.0,0.0,0.0,0.6666666666666666,0.5714285714285714,0.0,0
2023-09-28,0.0,0.0,0.0,0.0,0.0,0.0,0.0,0.0,0.0,2.0,0.0,0.0,0.5714285714285714,0.0,0
2023-09-29,0.0,0.0,0.0,0.0,0.0,0.0,0.0,0.0,0.0,0.0,0.0,0.0,0.2857142857142857,0.0,0
2023-09-30,0.0,0.0,0.0,0.0,0.0,0.0,0.0,0.0,0.0,0.0,0.0,0.0,0.2857142857142857,0.0,0
2023-10-01,0.0,0.0,0.0,0.0,0.0,0.0,0.0,0.0,0.0,2.0,0.0,0.0,0.2857142857142857,0.0,0
2023-10-02,0.0,0.0,0.0,0.0,0.0,0.0,0.0,0.0,0.0,0.0,0.0,0.0,0.0,0.0,0
2023-10-03,0.0,0.0,0.0,0.0,0.0,0.0,0.0,0.0,0.0,0.0,0.0,0.0,0.0,0.0,0
2023-10-04,0.0,0.0,0.0,0.0,0.0,0.0,0.0,0.0,0.0,0.0,0.0,0.0,0.0,0.0,0
2023-10-05,0.0,0.0,0.0,0.0,0.0,0.0,0.0,0.0,0.0,0.0,2.0,0.0,0.0,0.0,0
2023-10-06,0.0,0.0,0.0,0.0,0.0,0.0,0.0,0.0,0.0,0.0,0.0,0.0,0.0,0.0,0
2023-10-07,0.0,0.0,0.0,0.0,0.0,0.0,0.0,0.0,0.0,0.0,0.0,0.0,0.0,0.0,0
2023-10-08,0.0,0.0,0.0,0.0,0.0,0.0,0.0,0.0,0.0,0.0,2.0,0.0,0.0,0.0,0
2023-10-09,0.0,0.0,0.0,0.0,0.0,0.0,0.0,0.0,0.0,0.0,0.0,0.0,0.0,0.0,0
2023-10-10,0.0,0.0,0.0,0.0,0.0,0.0,0.0,0.0,0.0,0.0,0.0,0.0,0.0,0.0,0
2023-10-11,0.0,0.0,0.0,0.0,0.0,0.0,0.0,0.0,0.0,0.0,0.0,0.0,0.0,0.0,0
2023-10-12,0.0,0.0,0.0,0.0,0.0,0.0,0.0,0.0,0.0,0.0,0.0,0.0,0.0,0.0,0
2023-10-13,0.0,0.0,0.0,0.0,0.0,0.0,0.0,0.0,0.0,0.0,0.0,0.0,0.0,0.0,0
2023-10-14,0.0,0.0,0.0,0.0,0.0,0.0,0.0,0.0,0.0,0.0,0.0,0.0,0.0,0.0,0
2023-10-15,0.0,0.0,0.0,0.0,0.0,0.0,0.0,0.0,0.0,0.0,0.0,0.0,0.0,0.0,0
2023-10-16,0.0,0.0,0.0,0.0,0.0,0.0,0.0,0.0,0.0,0.0,0.0,0.0,0.0,0.0,0
2023-10-17,0.0,0.0,0.0,0.0,0.0,0.0,0.0,0.0,0.0,0.0,0.0,0.0,0.0,0.0,0
2023-10-18,0.0,0.0,0.0,0.0,0.0,0.0,0.0,0.0,0.0,0.0,0.0,0.0,0.0,1.0,1
2023-10-19,1.0,2.76,2.76,0.0,1.0,0.0,0.0,0.0,0.0,0.0,0.0,0.0,0.0,6.0,1
2023-10-20,6.0,14.35,2.3916666666666666,0.0,6.0,0.0,1.0,0.0,0.0,0.0,0.0,0.3333333333333333,0.14285714285714285,0.0,0
2023-10-21,0.0,0.0,0.0,0.0,0.0,0.0,6.0,1.0,0.0,0.0,0.0,2.3333333333333335,1.0,0.0,0
2023-10-22,0.0,0.0,0.0,0.0,0.0,0.0,0.0,6.0,1.0,0.0,0.0,2.3333333333333335,1.0,0.0,0
2023-10-23,0.0,0.0,0.0,0.0,0.0,0.0,0.0,0.0,6.0,0.0,0.0,2.0,1.0,0.0,0
2023-10-24,0.0,0.0,0.0,0.0,0.0,0.0,0.0,0.0,0.0,0.0,0.0,0.0,1.0,2.0,1
2023-10-25,2.0,5.92,2.96,0.0,2.0,0.0,0.0,0.0,0.0,0.0,0.0,0.0,1.0,0.0,0
2023-10-26,0.0,0.0,0.0,0.0,0.0,0.0,2.0,0.0,0.0,1.0,0.0,0.6666666666666666,1.2857142857142858,1.0,1
2023-10-27,1.0,2.8,2.8,0.0,1.0,0.0,0.0,2.0,0.0,6.0,0.0,0.6666666666666666,1.1428571428571428,0.0,0
2023-10-28,0.0,0.0,0.0,0.0,0.0,0.0,1.0,0.0,2.0,0.0,0.0,1.0,0.42857142857142855,0.0,0
2023-10-29,0.0,0.0,0.0,0.0,0.0,0.0,0.0,1.0,0.0,0.0,0.0,0.3333333333333333,0.42857142857142855,0.0,0
2023-10-30,0.0,0.0,0.0,0.0,0.0,0.0,0.0,0.0,1.0,0.0,0.0,0.3333333333333333,0.42857142857142855,0.0,0
2023-10-31,0.0,0.0,0.0,0.0,0.0,0.0,0.0,0.0,0.0,0.0,0.0,0.0,0.42857142857142855,0.0,0
2023-11-01,0.0,0.0,0.0,0.0,0.0,0.0,0.0,0.0,0.0,2.0,0.0,0.0,0.42857142857142855,0.0,0
2023-11-02,0.0,0.0,0.0,0.0,0.0,0.0,0.0,0.0,0.0,0.0,1.0,0.0,0.14285714285714285,1.0,1
2023-11-03,1.0,3.08,3.08,0.0,1.0,0.0,0.0,0.0,0.0,1.0,6.0,0.0,0.14285714285714285,0.0,0
2023-11-04,0.0,0.0,0.0,0.0,0.0,0.0,1.0,0.0,0.0,0.0,0.0,0.3333333333333333,0.14285714285714285,1.0,1
2023-11-05,1.0,2.41,2.41,0.0,1.0,0.0,0.0,1.0,0.0,0.0,0.0,0.3333333333333333,0.14285714285714285,1.0,1
2023-11-06,1.0,1.45,1.45,0.0,1.0,0.0,1.0,0.0,1.0,0.0,0.0,0.6666666666666666,0.2857142857142857,0.0,0
2023-11-07,0.0,0.0,0.0,0.0,0.0,0.0,1.0,1.0,0.0,0.0,0.0,0.6666666666666666,0.42857142857142855,0.0,0
2023-11-08,0.0,0.0,0.0,0.0,0.0,0.0,0.0,1.0,1.0,0.0,2.0,0.6666666666666666,0.42857142857142855,0.0,0
2023-11-09,0.0,0.0,0.0,0.0,0.0,0.0,0.0,0.0,1.0,0.0,0.0,0.3333333333333333,0.42857142857142855,8.0,1
2023-11-10,8.0,22.72,2.84,0.0,8.0,0.0,0.0,0.0,0.0,1.0,1.0,0.0,0.42857142857142855,1.0,1
2023-11-11,1.0,2.77,2.77,0.0,1.0,0.0,8.0,0.0,0.0,0.0,0.0,2.6666666666666665,1.4285714285714286,0.0,0
2023-11-12,0.0,0.0,0.0,0.0,0.0,0.0,1.0,8.0,0.0,1.0,0.0,3.0,1.5714285714285714,0.0,0
2023-11-13,0.0,0.0,0.0,0.0,0.0,0.0,0.0,1.0,8.0,1.0,0.0,3.0,1.4285714285714286,0.0,0
2023-11-14,0.0,0.0,0.0,0.0,0.0,0.0,0.0,0.0,1.0,0.0,0.0,0.3333333333333333,1.2857142857142858,4.0,1
2023-11-15,4.0,12.21,3.0525,0.0,4.0,0.0,0.0,0.0,0.0,0.0,0.0,0.0,1.2857142857142858,2.0,1
2023-11-16,2.0,9.08,4.54,0.0,2.0,0.0,4.0,0.0,0.0,0.0,0.0,1.3333333333333333,1.8571428571428572,0.0,0
2023-11-17,0.0,0.0,0.0,0.0,0.0,0.0,2.0,4.0,0.0,8.0,1.0,2.0,2.142857142857143,0.0,0
2023-11-18,0.0,0.0,0.0,0.0,0.0,0.0,0.0,2.0,4.0,1.0,0.0,2.0,1.0,0.0,0
2023-11-19,0.0,0.0,0.0,0.0,0.0,0.0,0.0,0.0,2.0,0.0,1.0,0.6666666666666666,0.8571428571428571,5.0,1
2023-11-20,5.0,11.81,2.362,0.0,3.0,2.0,0.0,0.0,0.0,0.0,1.0,0.0,0.8571428571428571,10.0,1
2023-11-21,10.0,28.740000000000002,2.874,0.0,8.0,2.0,5.0,0.0,0.0,0.0,0.0,1.6666666666666667,1.5714285714285714,4.0,1
2023-11-22,4.0,13.41,3.3525,0.0,3.0,1.0,10.0,5.0,0.0,4.0,0.0,5.0,3.0,2.0,1
2023-11-23,2.0,6.04,3.02,0.0,1.0,1.0,4.0,10.0,5.0,2.0,0.0,6.333333333333333,3.0,5.0,1
2023-11-24,5.0,7.95,1.59,0.0,4.0,1.0,2.0,4.0,10.0,0.0,8.0,5.333333333333333,3.0,7.0,1
2023-11-25,7.0,16.810000000000002,2.4014285714285717,0.0,4.0,3.0,5.0,2.0,4.0,0.0,1.0,3.6666666666666665,3.7142857142857144,15.0,1
2023-11-26,15.0,37.01,2.4673333333333334,0.0,15.0,0.0,7.0,5.0,2.0,0.0,0.0,4.666666666666667,4.714285714285714,3.0,1
2023-11-27,3.0,3.7199999999999998,1.24,0.0,1.0,2.0,15.0,7.0,5.0,5.0,0.0,9.0,6.857142857142857,7.0,1
2023-11-28,7.0,12.23,1.747142857142857,0.0,5.0,2.0,3.0,15.0,7.0,10.0,0.0,8.333333333333334,6.571428571428571,2.0,1
2023-11-29,2.0,7.41,3.705,0.0,2.0,0.0,7.0,3.0,15.0,4.0,4.0,8.333333333333334,6.142857142857143,0.0,0
2023-11-30,0.0,0.0,0.0,0.0,0.0,0.0,2.0,7.0,3.0,2.0,2.0,4.0,5.857142857142857,11.0,1
2023-12-01,11.0,45.23,4.111818181818181,0.0,11.0,0.0,0.0,2.0,7.0,5.0,0.0,3.0,5.571428571428571,6.0,1
2023-12-02,6.0,20.73,3.455,0.0,5.0,1.0,11.0,0.0,2.0,7.0,0.0,4.333333333333333,6.428571428571429,2.0,1
2023-12-03,2.0,13.469999999999999,6.734999999999999,0.0,2.0,0.0,6.0,11.0,0.0,15.0,0.0,5.666666666666667,6.285714285714286,0.0,0
2023-12-04,0.0,0.0,0.0,0.0,0.0,0.0,2.0,6.0,11.0,3.0,5.0,6.333333333333333,4.428571428571429,2.0,1
2023-12-05,2.0,8.85,4.425,0.0,2.0,0.0,0.0,2.0,6.0,7.0,10.0,2.6666666666666665,4.0,2.0,1
2023-12-06,2.0,6.609999999999999,3.3049999999999997,0.0,2.0,0.0,2.0,0.0,2.0,2.0,4.0,1.3333333333333333,3.2857142857142856,2.0,1
2023-12-07,2.0,6.15,3.075,0.0,2.0,0.0,2.0,2.0,0.0,0.0,2.0,1.3333333333333333,3.2857142857142856,0.0,0
2023-12-08,0.0,0.0,0.0,0.0,0.0,0.0,2.0,2.0,2.0,11.0,5.0,2.0,3.5714285714285716,0.0,0
2023-12-09,0.0,0.0,0.0,0.0,0.0,0.0,0.0,2.0,2.0,6.0,7.0,1.3333333333333333,2.0,5.0,1
2023-12-10,5.0,17.41,3.482,0.0,5.0,0.0,0.0,0.0,2.0,2.0,15.0,0.6666666666666666,1.1428571428571428,6.0,1
2023-12-11,6.0,23.57,3.9283333333333332,0.0,4.0,2.0,5.0,0.0,0.0,0.0,3.0,1.6666666666666667,1.5714285714285714,6.0,1
2023-12-12,6.0,14.870000000000001,2.4783333333333335,0.0,6.0,0.0,6.0,5.0,0.0,2.0,7.0,3.6666666666666665,2.4285714285714284,2.0,1
2023-12-13,2.0,8.43,4.215,0.0,2.0,0.0,6.0,6.0,5.0,2.0,2.0,5.666666666666667,3.0,4.0,1
2023-12-14,4.0,7.9,1.975,0.0,4.0,0.0,2.0,6.0,6.0,2.0,0.0,4.666666666666667,3.0,2.0,1
2023-12-15,2.0,13.43,6.715,1.0,2.0,0.0,4.0,2.0,6.0,0.0,11.0,4.0,3.2857142857142856,8.0,1
2023-12-16,8.0,39.47,4.93375,0.0,5.0,3.0,2.0,4.0,2.0,0.0,6.0,2.6666666666666665,3.5714285714285716,5.0,1
2023-12-17,5.0,12.79,2.558,0.0,4.0,1.0,8.0,2.0,4.0,5.0,2.0,4.666666666666667,4.714285714285714,3.0,1
2023-12-18,3.0,8.99,2.9966666666666666,0.0,3.0,0.0,5.0,8.0,2.0,6.0,0.0,5.0,4.714285714285714,6.0,1
2023-12-19,6.0,26.72,4.453333333333333,0.0,6.0,0.0,3.0,5.0,8.0,6.0,2.0,5.333333333333333,4.285714285714286,7.0,1
2023-12-20,7.0,17.759999999999998,2.537142857142857,0.0,4.0,3.0,6.0,3.0,5.0,2.0,2.0,4.666666666666667,4.285714285714286,5.0,1
2023-12-21,5.0,19.53,3.906,0.0,4.0,1.0,7.0,6.0,3.0,4.0,2.0,5.333333333333333,5.0,3.0,1
2023-12-22,3.0,5.49,1.83,0.0,0.0,3.0,5.0,7.0,6.0,2.0,0.0,6.0,5.142857142857143,5.0,1
2023-12-23,5.0,24.869999999999997,4.973999999999999,0.0,2.0,3.0,3.0,5.0,7.0,8.0,0.0,5.0,5.285714285714286,5.0,1
2023-12-24,5.0,17.15,3.4299999999999997,0.0,3.0,2.0,5.0,3.0,5.0,5.0,5.0,4.333333333333333,4.857142857142857,0.0,0
2023-12-25,0.0,0.0,0.0,0.0,0.0,0.0,5.0,5.0,3.0,3.0,6.0,4.333333333333333,4.857142857142857,9.0,1
2023-12-26,9.0,22.35,2.4833333333333334,0.0,7.0,2.0,0.0,5.0,5.0,6.0,6.0,3.3333333333333335,4.428571428571429,9.0,1
2023-12-27,9.0,29.15,3.238888888888889,0.0,6.0,3.0,9.0,0.0,5.0,7.0,2.0,4.666666666666667,4.857142857142857,13.0,1
2023-12-28,13.0,34.16,2.6276923076923073,0.0,13.0,0.0,9.0,9.0,0.0,5.0,4.0,6.0,5.142857142857143,7.0,1
2023-12-29,7.0,21.71,3.1014285714285714,0.0,4.0,3.0,13.0,9.0,9.0,3.0,2.0,10.333333333333334,6.285714285714286,6.0,1
2023-12-30,6.0,24.11,4.0183333333333335,1.0,5.0,1.0,7.0,13.0,9.0,5.0,8.0,9.666666666666666,6.857142857142857,2.0,1
2023-12-31,2.0,17.4,8.7,1.0,2.0,0.0,6.0,7.0,13.0,5.0,5.0,8.666666666666666,7.0,,
